Workbook
Name UFPrn20070711110626: #REF!
Name UFPrn20070711110853: #REF!
Name UFPrn20070711111013: #REF!

Sheet 汇总
A1: 2026年08月利得行公司应收账款统计表 金额：元
A2: 序号 | B2: 年度 | C2: 总金额 （截止至2026.03.31） （1）+（2）+（3） | D2: （1）正常应收帐款 | E2: （2）逾期应收帐款 | K2: 备注
E3: 逾期1个月 | F3: 逾期2-3个月 | G3: 逾期3个月以上-6个月以内（含6个月） | H3: 逾期6个月以上-12个月以内（含12个月） | I3: 逾期12个月以上 | J3: 小计
A4: 1 | B4: 2024年度 | C4: ='2026年8月利得行公司应收账款统计表'!C7 -> 731200.96 | D4: ='2026年8月利得行公司应收账款统计表'!D7 -> 137950.95 | E4: ='2026年8月利得行公司应收账款统计表'!E7 -> 0 | F4: ='2026年8月利得行公司应收账款统计表'!F7 -> 0 | G4: ='2026年8月利得行公司应收账款统计表'!G7 -> 0 | H4: ='2026年8月利得行公司应收账款统计表'!H7 -> 0 | I4: ='2026年8月利得行公司应收账款统计表'!I7 -> 593250.01 | J4: ='2026年8月利得行公司应收账款统计表'!J7 -> 593250.01
A5: 2 | B5: 2025年度 | C5: ='2026年8月利得行公司应收账款统计表'!C12 -> 236095.63 | D5: ='2026年8月利得行公司应收账款统计表'!D12 -> 127395.73 | E5: ='2026年8月利得行公司应收账款统计表'!E12 -> 0 | F5: ='2026年8月利得行公司应收账款统计表'!F12 -> 0 | G5: ='2026年8月利得行公司应收账款统计表'!G12 -> 205695.63 | H5: ='2026年8月利得行公司应收账款统计表'!H12 -> 13000 | I5: ='2026年8月利得行公司应收账款统计表'!I12 -> 0 | J5: ='2026年8月利得行公司应收账款统计表'!J12 -> 218695.63
A6: 3 | B6: 2026年1-8月 | C6: ='2026年8月利得行公司应收账款统计表'!C17 -> 1514003.3 | D6: ='2026年8月利得行公司应收账款统计表'!D17 -> 854028.86 | E6: ='2026年8月利得行公司应收账款统计表'!E17 -> 0 | F6: ='2026年8月利得行公司应收账款统计表'!F17 -> 439982.93 | G6: ='2026年8月利得行公司应收账款统计表'!G17 -> 219991.47 | H6: ='2026年8月利得行公司应收账款统计表'!H17 -> 0 | I6: ='2026年8月利得行公司应收账款统计表'!I17 -> 0 | J6: ='2026年8月利得行公司应收账款统计表'!J17 -> 659974.4
A7: 总 计 | C7: =SUM(C4:C6) -> 2481299.9 | D7: =SUM(D4:D6) -> 1119375.5 | E7: =SUM(E4:E6) -> 0 | F7: =SUM(F4:F6) -> 439982.93 | G7: =SUM(G4:G6) -> 425687.1 | H7: =SUM(H4:H6) -> 13000 | I7: =SUM(I4:I6) -> 593250.01 | J7: =SUM(J4:J6) -> 1471920
J9: 填报：财务部（收入核算科）
J10: 复核：谢苗苗
J11: ='2026年8月利得行公司应收账款统计表'!L22 -> 日期：2026/9/4

Sheet 2026年8月利得行公司应收账款统计表
A1: 2026年08月利得行公司应收账款统计表（时间：截至2026.08.31） 金额：元
A2: 序号 | B2: 客商 | C2: 应收金额合计 （1）+（2） | D2: （1）正常应收账款 | E2: （2）逾期应收账款 | K2: 产生日期 | L2: 账款催讨责任人 | M2: 备注
E3: A.逾期1个月 | F3: B.逾期2-3个月 | G3: C.逾期3个月以上-6个月以内（含6个月） | H3: D.逾期6个月以上-12个月以内（含12个月） | I3: E.逾期12个月以上 | J3: 小计
A4: 1 | B4: 中国中医科学院大学 | C4: =23650+23650+23650+39416.67+39416.67+39416.67-70950 -> 118250.01 | D4: 0 | E4: 0 | F4: 0 | G4: 0 | H4: 0 | I4: 118250.01 | J4: =SUM(E4:I4) -> 118250.01 | K4: 2024年7-9月 | L4: 薛迎春 | M4: 按季付(撤场项目)
A5: 2 | B5: 常州江茂房地产开发有限公司（河海大学教职工公寓查验项目） | C5: 475000 | D5: =C5-E5-F5-G5-H5-I5 -> 0 | E5: 0 | F5: 0 | G5: 0 | H5: 0 | I5: 475000 | J5: =SUM(E5:I5) -> 475000 | K5: 2024年4-6月 | L5: 薛迎春 | M5: 按工程进度付款（2025年1月开票475000元，撤场项目）
A6: 3 | B6: 浙江江南工程管理股份有限公司（四川大学眉山校区） | C6: =141000+47000+47000-76000+47000+47000+47000+47000+47000+47000-76000-227049.05 -> 137950.95 | D6: =C6-E6-F6-G6-H6-I6 -> 137950.95 | E6: 0 | F6: 0 | G6: 0 | H6: 0 | I6: 0 | J6: =SUM(E6:I6) -> 0 | K6: 2024年3月-2024年12月 | L6: 薛迎春 | M6: 按工程进度付款
A7: 2024年合计 | C7: =SUM(C4:C6) -> 731200.96 | D7: =SUM(D4:D6) -> 137950.95 | E7: =SUM(E4:E6) -> 0 | F7: =SUM(F4:F6) -> 0 | G7: =SUM(G4:G6) -> 0 | H7: =SUM(H4:H6) -> 0 | I7: =SUM(I4:I6) -> 593250.01 | J7: =SUM(J4:J6) -> 593250.01
A8: 1 | B8: 西南交通大学 | C8: =1666.67+1666.67+1666.67+1666.67+1666.67+1666.67+1666.67+1666.67+1666.67+1666.67+1666.67+1666.63 -> 20000 | D8: 0 | E8: 0 | F8: =SUM(F5:F7) -> 0 | G8: 20000 | H8: 0 | I8: 0 | J8: =SUM(E8:I8) -> 20000 | K8: 2025年1月-2025年11月 | L8: 薛迎春 | M8: 按比例（12月开票20000元,撤场项目)）
A9: 2 | B9: 苏新美好生活服务股份有限公司 | C9: =109995.73+109995.73+109995.73+109995.73+109995.73-329987.2+0.01+109995.73+109995.73+109995.73+109995.73+0.01-329987.2+109995.73+109995.73+0.01+109995.73-0.09+109995.73-329987.2-329987.2 -> 109995.63 | D9: 109995.73 | E9: 0 | F9: 0 | G9: 109995.63 | H9: 0 | I9: 0 | J9: =SUM(E9:I9) -> 109995.63 | K9: 45992 | L9: 薛迎春 | M9: 按季付
A10: 3 | B10: 华东理工大学 | C10: 13000 | D10: =C10-E10-F10-G10-H10-I10 -> 0 | E10: 0 | F10: 0 | G10: 0 | H10: 13000 | I10: 0 | J10: =SUM(E10:I10) -> 13000 | K10: 45931 | L10: 薛迎春 | M10: 按比例（10月开票13000元,撤场项目）
A11: 5 | B11: 苏州苏大教育服务投资发展（集团）有限公司（重庆交通大学后勤咨询服务协议） | C11: =D11+J11 -> 93100 | D11: 17400 | E11: 0 | F11: 0 | G11: 75700 | H11: 0 | I11: 0 | J11: =SUM(E11:I11) -> 75700 | K11: 45992 | L11: 薛迎春 | M11: 按次(撤场项目)
A12: 2025年合计 | C12: =SUM(C8:C11) -> 236095.63 | D12: =SUM(D8:D11) -> 127395.73 | E12: =SUM(E8:E11) -> 0 | F12: =SUM(F8:F11) -> 0 | G12: =SUM(G8:G11) -> 205695.63 | H12: =SUM(H8:H11) -> 13000 | I12: =SUM(I8:I11) -> 0 | J12: =SUM(J8:J11) -> 218695.63
A13: 1 | B13: 苏新美好生活服务股份有限公司 | C13: =109995.74+109995.73+109995.73+109995.73+109995.73+109995.73+109995.73+109995.73 -> 879965.85 | D13: =C13-E13-F13-G13-H13-I13 -> 219991.45 | E13: 0 | F13: =109995.74+109995.73+109995.73+109995.73 -> 439982.93 | G13: =109995.74+109995.73 -> 219991.47 | H13: 0 | I13: 0 | J13: =SUM(E13:I13) -> 659974.4 | K13: 2026年1月-2026年6月 | L13: 薛迎春 | M13: 按季付
A14: 2 | B14: 北京科技大学 | C14: 78400 | D14: =C14-E14-F14-G14-H14-I14 -> 78400 | E14: 0 | F14: 0 | G14: 0 | H14: 0 | I14: 0 | J14: =SUM(E14:I14) -> 0 | K14: 46204 | L14: 薛迎春 | M14: 按次
A15: 3 | B15: 东吴物业产业集团（江苏）有限公司（中国中医科学院工程管理服务） | C15: =178068.15*2+160501.11 -> 516637.41 | D15: =C15-E15-F15-G15-H15-I15 -> 516637.41 | E15: 0 | F15: 0 | G15: 0 | H15: 0 | I15: 0 | J15: =SUM(E15:I15) -> 0 | K15: 2026年6-8月 | L15: 薛迎春 | M15: 按季付
A16: 4 | B16: 湖南大学设计研究院有限公司 | C16: 39000 | D16: =C16-E16-F16-G16-H16-I16 -> 39000 | E16: 0 | F16: 0 | G16: 0 | H16: 0 | I16: 0 | J16: =SUM(E16:I16) -> 0 | K16: 46174 | L16: 薛迎春 | M16: 按次6月已开票
A17: 2026年合计 | C17: =SUM(C13:C16) -> 1514003.3 | D17: =SUM(D13:D16) -> 854028.86 | E17: =SUM(E13:E16) -> 0 | F17: =SUM(F13:F16) -> 439982.93 | G17: =SUM(G13:G16) -> 219991.47 | H17: =SUM(H13:H16) -> 0 | I17: =SUM(I13:I16) -> 0 | J17: =SUM(J13:J16) -> 659974.4
A18: 2024-2026年合计 | C18: =C12+C7+C17 -> 2481299.9 | D18: =D12+D7+D17 -> 1119375.5 | E18: =E12+E7+E17 -> 0 | F18: =F12+F7+F17 -> 439982.93 | G18: =G12+G7+G17 -> 425687.1 | H18: =H12+H7+H17 -> 13000 | I18: =I12+I7+I17 -> 593250.01 | J18: =J12+J7+J17 -> 1471920
L20: 填报：财务部（收入核算科）
L21: 复核：谢苗苗
L22: 日期：2026/9/4
